[{"model": "contenttypes.contenttype", "pk": 1, "fields": {"app_label": "admin", "model": "logentry"}}, {"model": "contenttypes.contenttype", "pk": 2, "fields": {"app_label": "auth", "model": "permission"}}, {"model": "contenttypes.contenttype", "pk": 3, "fields": {"app_label": "auth", "model": "group"}}, {"model": "contenttypes.contenttype", "pk": 4, "fields": {"app_label": "auth", "model": "user"}}, {"model": "contenttypes.contenttype", "pk": 5, "fields": {"app_label": "contenttypes", "model": "contenttype"}}, {"model": "contenttypes.contenttype", "pk": 6, "fields": {"app_label": "sessions", "model": "session"}}, {"model": "contenttypes.contenttype", "pk": 7, "fields": {"app_label": "customers", "model": "customer"}}, {"model": "contenttypes.contenttype", "pk": 8, "fields": {"app_label": "customers", "model": "posts"}}, {"model": "contenttypes.contenttype", "pk": 9, "fields": {"app_label": "customers", "model": "postcategory"}}, {"model": "contenttypes.contenttype", "pk": 10, "fields": {"app_label": "knox", "model": "authtoken"}}, {"model": "contenttypes.contenttype", "pk": 11, "fields": {"app_label": "customers", "model": "code"}}, {"model": "contenttypes.contenttype", "pk": 12, "fields": {"app_label": "customers", "model": "taggeditem"}}, {"model": "contenttypes.contenttype", "pk": 13, "fields": {"app_label": "customers", "model": "file"}}, {"model": "contenttypes.contenttype", "pk": 14, "fields": {"app_label": "customers", "model": "image"}}, {"model": "contenttypes.contenttype", "pk": 15, "fields": {"app_label": "customers", "model": "text"}}, {"model": "contenttypes.contenttype", "pk": 16, "fields": {"app_label": "customers", "model": "video"}}, {"model": "contenttypes.contenttype", "pk": 17, "fields": {"app_label": "customers", "model": "landingtemplates"}}, {"model": "sessions.session", "pk": "11c1zkulf2ls2sa67mpe3653i97f7k1b", "fields": {"session_data": "MDBlZThmZjkzNTcwZGRiMTcyZmE4NGRmM2Y5OGJjOWM1NzIyZmI4Mjp7Il9hdXRoX3VzZXJfaWQiOiIxIiwiX2F1dGhfdXNlcl9iYWNrZW5kIjoiZGphbmdvLmNvbnRyaWIuYXV0aC5iYWNrZW5kcy5Nb2RlbEJhY2tlbmQiLCJfYXV0aF91c2VyX2hhc2giOiIxNmYyNmNjZDFhMzQxOWYxMGJhMTJjMTM0ODgyNTUxZWE0OGQ1NDQ4In0=", "expire_date": "2018-12-22T18:57:45.042Z"}}, {"model": "sessions.session", "pk": "366thz51bxcr5zb8oqneg27wxflu9zh7", "fields": {"session_data": "MDBlZThmZjkzNTcwZGRiMTcyZmE4NGRmM2Y5OGJjOWM1NzIyZmI4Mjp7Il9hdXRoX3VzZXJfaWQiOiIxIiwiX2F1dGhfdXNlcl9iYWNrZW5kIjoiZGphbmdvLmNvbnRyaWIuYXV0aC5iYWNrZW5kcy5Nb2RlbEJhY2tlbmQiLCJfYXV0aF91c2VyX2hhc2giOiIxNmYyNmNjZDFhMzQxOWYxMGJhMTJjMTM0ODgyNTUxZWE0OGQ1NDQ4In0=", "expire_date": "2019-01-13T14:29:25.410Z"}}, {"model": "sessions.session", "pk": "5z8p8zjur4q3k2myjcd9tc4asmbz4x04", "fields": {"session_data": "MDBlZThmZjkzNTcwZGRiMTcyZmE4NGRmM2Y5OGJjOWM1NzIyZmI4Mjp7Il9hdXRoX3VzZXJfaWQiOiIxIiwiX2F1dGhfdXNlcl9iYWNrZW5kIjoiZGphbmdvLmNvbnRyaWIuYXV0aC5iYWNrZW5kcy5Nb2RlbEJhY2tlbmQiLCJfYXV0aF91c2VyX2hhc2giOiIxNmYyNmNjZDFhMzQxOWYxMGJhMTJjMTM0ODgyNTUxZWE0OGQ1NDQ4In0=", "expire_date": "2018-11-23T21:07:28.379Z"}}, {"model": "sessions.session", "pk": "szpug87ap82bc1pbck1pttyeevqxdpyl", "fields": {"session_data": "MDBlZThmZjkzNTcwZGRiMTcyZmE4NGRmM2Y5OGJjOWM1NzIyZmI4Mjp7Il9hdXRoX3VzZXJfaWQiOiIxIiwiX2F1dGhfdXNlcl9iYWNrZW5kIjoiZGphbmdvLmNvbnRyaWIuYXV0aC5iYWNrZW5kcy5Nb2RlbEJhY2tlbmQiLCJfYXV0aF91c2VyX2hhc2giOiIxNmYyNmNjZDFhMzQxOWYxMGJhMTJjMTM0ODgyNTUxZWE0OGQ1NDQ4In0=", "expire_date": "2018-12-26T17:05:16.045Z"}}, {"model": "sessions.session", "pk": "u0o9oh2ridfoux9yqb5jzmcmddiipp0l", "fields": {"session_data": "MDBlZThmZjkzNTcwZGRiMTcyZmE4NGRmM2Y5OGJjOWM1NzIyZmI4Mjp7Il9hdXRoX3VzZXJfaWQiOiIxIiwiX2F1dGhfdXNlcl9iYWNrZW5kIjoiZGphbmdvLmNvbnRyaWIuYXV0aC5iYWNrZW5kcy5Nb2RlbEJhY2tlbmQiLCJfYXV0aF91c2VyX2hhc2giOiIxNmYyNmNjZDFhMzQxOWYxMGJhMTJjMTM0ODgyNTUxZWE0OGQ1NDQ4In0=", "expire_date": "2019-01-21T11:48:22.425Z"}}, {"model": "customers.customer", "pk": 2, "fields": {"first_name": "Ibaakee", "last_name": "Ledum", "email": "ledumibaakee@gmail.com", "phone": "09029632002", "address": "Alakahia", "description": "I have a lot to offer to my community", "createdAt": "2018-10-24T19:30:21.827Z"}}, {"model": "customers.customer", "pk": 3, "fields": {"first_name": "Chris", "last_name": "Bologna", "email": "bologna@code.com", "phone": "09029632002", "address": "Alakahia,Uniport", "description": "I am a coder", "createdAt": "2018-10-24T19:31:51.493Z"}}, {"model": "customers.customer", "pk": 4, "fields": {"first_name": "Coder", "last_name": "Brother", "email": "ledumibaakee@gmail.com", "phone": "09029632002", "address": "Kalis Arena", "description": "Brothers in the hoood dont deal with the book", "createdAt": "2018-10-24T20:40:12.950Z"}}, {"model": "customers.postcategory", "pk": 1, "fields": {"title": "Programming", "slug": "programming", "urlimage": null, "created": "2018-11-10T08:52:23.622Z"}}, {"model": "customers.postcategory", "pk": 2, "fields": {"title": "Digital Marketing", "slug": "digital-marketing", "urlimage": null, "created": "2018-11-10T08:53:29.795Z"}}, {"model": "customers.postcategory", "pk": 3, "fields": {"title": "React", "slug": "react", "urlimage": null, "created": "2018-11-10T08:54:21.691Z"}}, {"model": "customers.postcategory", "pk": 4, "fields": {"title": "Social Media", "slug": "social-media", "urlimage": null, "created": "2018-11-10T08:54:35.396Z"}}, {"model": "customers.landingtemplates", "pk": 1, "fields": {"title": "hello", "file_path": "templates/landing/type1.html", "short_description": "A business template for your use.."}}, {"model": "customers.landingtemplates", "pk": 2, "fields": {"title": "Coding", "file_path": "templates/landing/type2.html", "short_description": "Coding template suitable for all...."}}, {"model": "customers.landingtemplates", "pk": 3, "fields": {"title": "Derago", "file_path": "templates/landing/type3.html", "short_description": "Derago is a stylish template for your ecommerce needs.."}}, {"model": "customers.code", "pk": 3, "fields": {"name": "Water", "text": "Water is life in it all", "landtemps": 2}}, {"model": "customers.taggeditem", "pk": 2, "fields": {"link": 3, "tag": "", "content_type": 15, "object_id": 3, "order": 3}}, {"model": "customers.taggeditem", "pk": 3, "fields": {"link": 3, "tag": "", "content_type": 16, "object_id": 1, "order": 0}}, {"model": "customers.taggeditem", "pk": 4, "fields": {"link": 3, "tag": "", "content_type": 13, "object_id": 1, "order": 0}}, {"model": "customers.taggeditem", "pk": 5, "fields": {"link": 3, "tag": "", "content_type": 14, "object_id": 1, "order": 0}}, {"model": "customers.taggeditem", "pk": 6, "fields": {"link": 3, "tag": "", "content_type": 13, "object_id": 2, "order": 1}}, {"model": "auth.permission", "pk": 1, "fields": {"name": "Can add log entry", "content_type": 1, "codename": "add_logentry"}}, {"model": "auth.permission", "pk": 2, "fields": {"name": "Can change log entry", "content_type": 1, "codename": "change_logentry"}}, {"model": "auth.permission", "pk": 3, "fields": {"name": "Can delete log entry", "content_type": 1, "codename": "delete_logentry"}}, {"model": "auth.permission", "pk": 4, "fields": {"name": "Can view log entry", "content_type": 1, "codename": "view_logentry"}}, {"model": "auth.permission", "pk": 5, "fields": {"name": "Can add permission", "content_type": 2, "codename": "add_permission"}}, {"model": "auth.permission", "pk": 6, "fields": {"name": "Can change permission", "content_type": 2, "codename": "change_permission"}}, {"model": "auth.permission", "pk": 7, "fields": {"name": "Can delete permission", "content_type": 2, "codename": "delete_permission"}}, {"model": "auth.permission", "pk": 8, "fields": {"name": "Can view permission", "content_type": 2, "codename": "view_permission"}}, {"model": "auth.permission", "pk": 9, "fields": {"name": "Can add group", "content_type": 3, "codename": "add_group"}}, {"model": "auth.permission", "pk": 10, "fields": {"name": "Can change group", "content_type": 3, "codename": "change_group"}}, {"model": "auth.permission", "pk": 11, "fields": {"name": "Can delete group", "content_type": 3, "codename": "delete_group"}}, {"model": "auth.permission", "pk": 12, "fields": {"name": "Can view group", "content_type": 3, "codename": "view_group"}}, {"model": "auth.permission", "pk": 13, "fields": {"name": "Can add user", "content_type": 4, "codename": "add_user"}}, {"model": "auth.permission", "pk": 14, "fields": {"name": "Can change user", "content_type": 4, "codename": "change_user"}}, {"model": "auth.permission", "pk": 15, "fields": {"name": "Can delete user", "content_type": 4, "codename": "delete_user"}}, {"model": "auth.permission", "pk": 16, "fields": {"name": "Can view user", "content_type": 4, "codename": "view_user"}}, {"model": "auth.permission", "pk": 17, "fields": {"name": "Can add content type", "content_type": 5, "codename": "add_contenttype"}}, {"model": "auth.permission", "pk": 18, "fields": {"name": "Can change content type", "content_type": 5, "codename": "change_contenttype"}}, {"model": "auth.permission", "pk": 19, "fields": {"name": "Can delete content type", "content_type": 5, "codename": "delete_contenttype"}}, {"model": "auth.permission", "pk": 20, "fields": {"name": "Can view content type", "content_type": 5, "codename": "view_contenttype"}}, {"model": "auth.permission", "pk": 21, "fields": {"name": "Can add session", "content_type": 6, "codename": "add_session"}}, {"model": "auth.permission", "pk": 22, "fields": {"name": "Can change session", "content_type": 6, "codename": "change_session"}}, {"model": "auth.permission", "pk": 23, "fields": {"name": "Can delete session", "content_type": 6, "codename": "delete_session"}}, {"model": "auth.permission", "pk": 24, "fields": {"name": "Can view session", "content_type": 6, "codename": "view_session"}}, {"model": "auth.permission", "pk": 25, "fields": {"name": "Can add customer", "content_type": 7, "codename": "add_customer"}}, {"model": "auth.permission", "pk": 26, "fields": {"name": "Can change customer", "content_type": 7, "codename": "change_customer"}}, {"model": "auth.permission", "pk": 27, "fields": {"name": "Can delete customer", "content_type": 7, "codename": "delete_customer"}}, {"model": "auth.permission", "pk": 28, "fields": {"name": "Can view customer", "content_type": 7, "codename": "view_customer"}}, {"model": "auth.permission", "pk": 29, "fields": {"name": "Can add posts", "content_type": 8, "codename": "add_posts"}}, {"model": "auth.permission", "pk": 30, "fields": {"name": "Can change posts", "content_type": 8, "codename": "change_posts"}}, {"model": "auth.permission", "pk": 31, "fields": {"name": "Can delete posts", "content_type": 8, "codename": "delete_posts"}}, {"model": "auth.permission", "pk": 32, "fields": {"name": "Can view posts", "content_type": 8, "codename": "view_posts"}}, {"model": "auth.permission", "pk": 33, "fields": {"name": "Can add post category", "content_type": 9, "codename": "add_postcategory"}}, {"model": "auth.permission", "pk": 34, "fields": {"name": "Can change post category", "content_type": 9, "codename": "change_postcategory"}}, {"model": "auth.permission", "pk": 35, "fields": {"name": "Can delete post category", "content_type": 9, "codename": "delete_postcategory"}}, {"model": "auth.permission", "pk": 36, "fields": {"name": "Can view post category", "content_type": 9, "codename": "view_postcategory"}}, {"model": "auth.permission", "pk": 37, "fields": {"name": "Can add auth token", "content_type": 10, "codename": "add_authtoken"}}, {"model": "auth.permission", "pk": 38, "fields": {"name": "Can change auth token", "content_type": 10, "codename": "change_authtoken"}}, {"model": "auth.permission", "pk": 39, "fields": {"name": "Can delete auth token", "content_type": 10, "codename": "delete_authtoken"}}, {"model": "auth.permission", "pk": 40, "fields": {"name": "Can view auth token", "content_type": 10, "codename": "view_authtoken"}}, {"model": "auth.permission", "pk": 41, "fields": {"name": "Can add code", "content_type": 11, "codename": "add_code"}}, {"model": "auth.permission", "pk": 42, "fields": {"name": "Can change code", "content_type": 11, "codename": "change_code"}}, {"model": "auth.permission", "pk": 43, "fields": {"name": "Can delete code", "content_type": 11, "codename": "delete_code"}}, {"model": "auth.permission", "pk": 44, "fields": {"name": "Can view code", "content_type": 11, "codename": "view_code"}}, {"model": "auth.permission", "pk": 45, "fields": {"name": "Can add tagged item", "content_type": 12, "codename": "add_taggeditem"}}, {"model": "auth.permission", "pk": 46, "fields": {"name": "Can change tagged item", "content_type": 12, "codename": "change_taggeditem"}}, {"model": "auth.permission", "pk": 47, "fields": {"name": "Can delete tagged item", "content_type": 12, "codename": "delete_taggeditem"}}, {"model": "auth.permission", "pk": 48, "fields": {"name": "Can view tagged item", "content_type": 12, "codename": "view_taggeditem"}}, {"model": "auth.permission", "pk": 49, "fields": {"name": "Can add file", "content_type": 13, "codename": "add_file"}}, {"model": "auth.permission", "pk": 50, "fields": {"name": "Can change file", "content_type": 13, "codename": "change_file"}}, {"model": "auth.permission", "pk": 51, "fields": {"name": "Can delete file", "content_type": 13, "codename": "delete_file"}}, {"model": "auth.permission", "pk": 52, "fields": {"name": "Can view file", "content_type": 13, "codename": "view_file"}}, {"model": "auth.permission", "pk": 53, "fields": {"name": "Can add image", "content_type": 14, "codename": "add_image"}}, {"model": "auth.permission", "pk": 54, "fields": {"name": "Can change image", "content_type": 14, "codename": "change_image"}}, {"model": "auth.permission", "pk": 55, "fields": {"name": "Can delete image", "content_type": 14, "codename": "delete_image"}}, {"model": "auth.permission", "pk": 56, "fields": {"name": "Can view image", "content_type": 14, "codename": "view_image"}}, {"model": "auth.permission", "pk": 57, "fields": {"name": "Can add text", "content_type": 15, "codename": "add_text"}}, {"model": "auth.permission", "pk": 58, "fields": {"name": "Can change text", "content_type": 15, "codename": "change_text"}}, {"model": "auth.permission", "pk": 59, "fields": {"name": "Can delete text", "content_type": 15, "codename": "delete_text"}}, {"model": "auth.permission", "pk": 60, "fields": {"name": "Can view text", "content_type": 15, "codename": "view_text"}}, {"model": "auth.permission", "pk": 61, "fields": {"name": "Can add video", "content_type": 16, "codename": "add_video"}}, {"model": "auth.permission", "pk": 62, "fields": {"name": "Can change video", "content_type": 16, "codename": "change_video"}}, {"model": "auth.permission", "pk": 63, "fields": {"name": "Can delete video", "content_type": 16, "codename": "delete_video"}}, {"model": "auth.permission", "pk": 64, "fields": {"name": "Can view video", "content_type": 16, "codename": "view_video"}}, {"model": "auth.permission", "pk": 65, "fields": {"name": "Can add landing templates", "content_type": 17, "codename": "add_landingtemplates"}}, {"model": "auth.permission", "pk": 66, "fields": {"name": "Can change landing templates", "content_type": 17, "codename": "change_landingtemplates"}}, {"model": "auth.permission", "pk": 67, "fields": {"name": "Can delete landing templates", "content_type": 17, "codename": "delete_landingtemplates"}}, {"model": "auth.permission", "pk": 68, "fields": {"name": "Can view landing templates", "content_type": 17, "codename": "view_landingtemplates"}}, {"model": "auth.user", "pk": 1, "fields": {"password": "pbkdf2_sha256$120000$PHLGJvgGljfp$lHOysk0O4s1D5GbLSUa75CXvPgn7XAQIxjFv4iMKHZo=", "last_login": "2019-01-07T11:48:22.315Z", "is_superuser": true, "username": "rick", "first_name": "", "last_name": "", "email": "", "is_staff": true, "is_active": true, "date_joined": "2018-11-09T21:07:13.157Z", "groups": [], "user_permissions": []}}, {"model": "auth.user", "pk": 2, "fields": {"password": "pbkdf2_sha256$120000$zVPRHCFUNbfY$0tG/PCNyp7R1Kkj1h2hlST+dJNtnBDqLsQxlrRd1koA=", "last_login": null, "is_superuser": false, "username": "Ibaakee", "first_name": "", "last_name": "", "email": "", "is_staff": false, "is_active": true, "date_joined": "2018-11-12T11:25:19.565Z", "groups": [], "user_permissions": []}}, {"model": "auth.user", "pk": 3, "fields": {"password": "pbkdf2_sha256$120000$kdwgVCT72NJ3$f/8+ZjXl1aQjoDwTUyTixuKRXQbIxrOLusQ5JBDYf6w=", "last_login": null, "is_superuser": false, "username": "broker", "first_name": "", "last_name": "", "email": "", "is_staff": false, "is_active": true, "date_joined": "2018-11-12T11:26:49.499Z", "groups": [], "user_permissions": []}}, {"model": "auth.user", "pk": 4, "fields": {"password": "pbkdf2_sha256$120000$ibBDI5ckp6d1$qCQQRsVAwDtgFFFJXD3Ct4PsVuXEgCA7DMGs55C6Dro=", "last_login": null, "is_superuser": false, "username": "mario", "first_name": "", "last_name": "", "email": "", "is_staff": false, "is_active": true, "date_joined": "2018-11-12T11:31:47.214Z", "groups": [], "user_permissions": []}}, {"model": "auth.user", "pk": 5, "fields": {"password": "pbkdf2_sha256$120000$krnKQ3wpXvr5$ElL59RnX8uOSMOmKzr+utoLGl5FnBKN3B4sokx/fJJo=", "last_login": null, "is_superuser": false, "username": "dovak", "first_name": "", "last_name": "", "email": "", "is_staff": false, "is_active": true, "date_joined": "2018-11-14T21:14:15.749Z", "groups": [], "user_permissions": []}}, {"model": "auth.user", "pk": 6, "fields": {"password": "pbkdf2_sha256$120000$Sg6Ega4tbmpG$kaN/prkZikctRsVl2vDcGvdxghxCH8YNWB+4YpOeSok=", "last_login": null, "is_superuser": false, "username": "bragga", "first_name": "", "last_name": "", "email": "", "is_staff": false, "is_active": true, "date_joined": "2018-11-14T21:18:10.335Z", "groups": [], "user_permissions": []}}, {"model": "auth.user", "pk": 7, "fields": {"password": "pbkdf2_sha256$120000$Up04AlhTHxPJ$8ocwZkrPQD8947sj1uTmXD7uP/eKD9GezKBf5PcZZGY=", "last_login": null, "is_superuser": false, "username": "damian", "first_name": "", "last_name": "", "email": "", "is_staff": false, "is_active": true, "date_joined": "2018-11-14T21:25:07.132Z", "groups": [], "user_permissions": []}}, {"model": "auth.user", "pk": 8, "fields": {"password": "pbkdf2_sha256$120000$9HDxaRicZOG3$Rr0HLcsedrctHddcaTHQPYGP7owvFmTOnn+QvZ86tRw=", "last_login": null, "is_superuser": false, "username": "krisdan", "first_name": "", "last_name": "", "email": "", "is_staff": false, "is_active": true, "date_joined": "2018-11-14T21:26:58.242Z", "groups": [], "user_permissions": []}}, {"model": "auth.user", "pk": 9, "fields": {"password": "pbkdf2_sha256$120000$6ZTHorvfBiSf$cJWlcrV9v9gRRE/s7e9Um1/l/70VqaLexaeiEDlXopE=", "last_login": null, "is_superuser": false, "username": "balogun", "first_name": "", "last_name": "", "email": "", "is_staff": false, "is_active": true, "date_joined": "2018-11-14T21:33:18.883Z", "groups": [], "user_permissions": []}}, {"model": "auth.user", "pk": 10, "fields": {"password": "pbkdf2_sha256$120000$XsoEr6Sj9sJk$FqsyI30Wvr85GdNCfmsWbdGg5/aE45u5j3GmW80sZLw=", "last_login": null, "is_superuser": false, "username": "boloin", "first_name": "", "last_name": "", "email": "", "is_staff": false, "is_active": true, "date_joined": "2018-11-15T12:19:39.890Z", "groups": [], "user_permissions": []}}, {"model": "auth.user", "pk": 11, "fields": {"password": "pbkdf2_sha256$120000$jdBf7mcLH8aK$1d5wS48BTdl1IHnGhpF42dJuJr5ezfNEVsFrElwiKOY=", "last_login": null, "is_superuser": false, "username": "hello", "first_name": "", "last_name": "", "email": "", "is_staff": false, "is_active": true, "date_joined": "2018-12-09T17:06:51.623Z", "groups": [], "user_permissions": []}}, {"model": "customers.posts", "pk": 46, "fields": {"name": "Incoccuss", "owner": 1, "heading": "I am so ha", "description": "I love what coding and codeine has done to my intellectual self, it has brought me out into a whole new world", "category": 2, "image": "posts/samsung_KSuP46X.jpg", "users_like": [1]}}, {"model": "customers.posts", "pk": 47, "fields": {"name": "Making money", "owner": 1, "heading": "Coding II", "description": "Are you very sure that in every thing we do God is always there guiding us but in some people dont still believe in his existence and am so happy about all of this", "category": 4, "image": "posts/laptop_macboo.jpg", "users_like": [1]}}, {"model": "customers.posts", "pk": 48, "fields": {"name": "Advertise", "owner": 1, "heading": "Facebook A", "description": "What most people dont really know is that facebookads is the reason while most people dont really suceed in there online businnesses but this notion is very wrong", "category": 3, "image": "posts/green.jpg", "users_like": [1]}}, {"model": "customers.posts", "pk": 49, "fields": {"name": "You sure", "owner": 1, "heading": "Djangejje", "description": "Djang-React is a demo application I have been testing for a long time now with django and react spa's respectively", "category": 1, "image": "posts/Screenshot_from_2018-07-07_11-06-27.png", "users_like": []}}, {"model": "customers.posts", "pk": 50, "fields": {"name": "Money making is it a", "owner": 6, "heading": "Instagram", "description": "I have gone into a lot of depth aboInstagram and seen that this companies are here tohelp you in achieving what you want", "category": 2, "image": "posts/IMG_20180518_165305_t4Grc7G.jpg", "users_like": [1]}}, {"model": "customers.posts", "pk": 51, "fields": {"name": "Broccoli", "owner": 10, "heading": "Broccoli", "description": "Broccoli and Broccus align together in whatever area of life you can think of if i lie ask Donald Trump", "category": 2, "image": "posts/space.jpg", "users_like": [1]}}, {"model": "customers.posts", "pk": 56, "fields": {"name": "hejj", "owner": null, "heading": "jhdsbdk", "description": "kbdskvnbdkvbkbjba", "category": null, "image": "posts/planet_Pb7c4XR.jpg", "users_like": []}}, {"model": "customers.posts", "pk": 57, "fields": {"name": "hgfjhiovds", "owner": null, "heading": "ihsgfs", "description": "igvfgugoieguhiweu", "category": null, "image": "posts/IMG_20180518_165305.jpg", "users_like": [1]}}, {"model": "customers.posts", "pk": 58, "fields": {"name": "Python", "owner": null, "heading": "pydevops", "description": "Python is a very great language we can all use in our daily lives", "category": null, "image": "posts/froxine1.png", "users_like": [1]}}, {"model": "customers.posts", "pk": 59, "fields": {"name": "Trading", "owner": null, "heading": "helllop", "description": "Justification is the key to a long conscience", "category": null, "image": "posts/Screenshot_from_2018-07-10_02-58-29.png", "users_like": [1]}}, {"model": "customers.posts", "pk": 60, "fields": {"name": "Braga", "owner": null, "heading": "Understand", "description": "In different waays I still love you", "category": null, "image": "posts/card.png", "users_like": [1]}}, {"model": "customers.text", "pk": 1, "fields": {"owner": 1, "title": "", "created": "2019-01-08T09:06:26.240Z", "updated": "2019-01-08T09:06:26.240Z", "content": ""}}, {"model": "customers.text", "pk": 2, "fields": {"owner": 1, "title": "ledum", "created": "2019-01-08T09:07:03.806Z", "updated": "2019-01-08T09:07:03.807Z", "content": "imagine"}}, {"model": "customers.text", "pk": 3, "fields": {"owner": 1, "title": "hello", "created": "2019-01-08T12:17:33.603Z", "updated": "2019-01-08T12:17:33.603Z", "content": "I am the one that kissed her"}}, {"model": "customers.file", "pk": 1, "fields": {"owner": 1, "title": "hello", "created": "2019-01-08T12:32:03.534Z", "updated": "2019-01-08T12:32:03.534Z", "file": "files/rough.jpg"}}, {"model": "customers.file", "pk": 2, "fields": {"owner": 1, "title": "this is it", "created": "2019-01-08T12:46:48.535Z", "updated": "2019-01-08T12:46:48.535Z", "file": "files/wsvincent_com_django_rest_framework_react_tutorial.pdf"}}, {"model": "customers.image", "pk": 1, "fields": {"owner": 1, "title": "killer", "created": "2019-01-08T12:33:34.547Z", "updated": "2019-01-08T12:33:34.547Z", "file": "images/space.jpg"}}, {"model": "customers.video", "pk": 1, "fields": {"owner": 1, "title": "love", "created": "2019-01-08T12:18:43.283Z", "updated": "2019-01-08T12:18:43.283Z", "file": "https://www.youtube.com"}}, {"model": "knox.authtoken", "pk": "1b8fa351af5831f2150c2fc5a1432a46c0410c9162a74ff9d65db361d77846234f66f6d9c050df91393b68f8fcb9adebf699b0cbb1341d83cd81472bd9df7da5", "fields": {"token_key": "92d2db31", "salt": "c265bc0cdbb46986", "user": 3, "created": "2018-11-12T11:26:50.512Z", "expires": "2018-11-12T21:26:50.511Z"}}, {"model": "knox.authtoken", "pk": "287d75978d1a185760fb0b636c3e121ed13ff4ea4c365d2529a18d7f98cb1aae8b05670c823fd581e967624b8fb8500be9cfa3dac77d763e3b68d91e520bca14", "fields": {"token_key": "b1dd9db6", "salt": "2eedc8edd71074f7", "user": 1, "created": "2018-11-12T12:38:53.201Z", "expires": "2018-11-12T22:38:53.199Z"}}, {"model": "knox.authtoken", "pk": "7f747bd5b758e98e7b2d7d2446b63588f302477a625d0477143068fec700946db7e2bc1c81e956f742969460687b751f12cc3cc5e40b1db4f0ce179f43ff1108", "fields": {"token_key": "61a90f9c", "salt": "e75c8dad6c908589", "user": 4, "created": "2018-11-12T11:31:47.560Z", "expires": "2018-11-12T21:31:47.559Z"}}, {"model": "admin.logentry", "pk": 1, "fields": {"action_time": "2018-11-09T21:10:52.441Z", "user": 1, "content_type": 8, "object_id": "19", "object_repr": "Coding", "action_flag": 1, "change_message": "[{\"added\": {}}]"}}, {"model": "admin.logentry", "pk": 2, "fields": {"action_time": "2018-11-10T08:52:23.623Z", "user": 1, "content_type": 9, "object_id": "1", "object_repr": "Programming", "action_flag": 1, "change_message": "[{\"added\": {}}]"}}, {"model": "admin.logentry", "pk": 3, "fields": {"action_time": "2018-11-10T08:53:29.801Z", "user": 1, "content_type": 9, "object_id": "2", "object_repr": "Digital Marketing", "action_flag": 1, "change_message": "[{\"added\": {}}]"}}, {"model": "admin.logentry", "pk": 4, "fields": {"action_time": "2018-11-10T08:54:21.693Z", "user": 1, "content_type": 9, "object_id": "3", "object_repr": "React", "action_flag": 1, "change_message": "[{\"added\": {}}]"}}, {"model": "admin.logentry", "pk": 5, "fields": {"action_time": "2018-11-10T08:54:35.398Z", "user": 1, "content_type": 9, "object_id": "4", "object_repr": "Social Media", "action_flag": 1, "change_message": "[{\"added\": {}}]"}}, {"model": "admin.logentry", "pk": 6, "fields": {"action_time": "2018-11-10T08:56:53.999Z", "user": 1, "content_type": 8, "object_id": "7", "object_repr": "cervilla", "action_flag": 3, "change_message": ""}}, {"model": "admin.logentry", "pk": 7, "fields": {"action_time": "2018-11-10T08:56:54.237Z", "user": 1, "content_type": 8, "object_id": "16", "object_repr": "React", "action_flag": 3, "change_message": ""}}, {"model": "admin.logentry", "pk": 8, "fields": {"action_time": "2018-11-10T08:56:54.421Z", "user": 1, "content_type": 8, "object_id": "6", "object_repr": "Programs", "action_flag": 3, "change_message": ""}}, {"model": "admin.logentry", "pk": 9, "fields": {"action_time": "2018-11-10T08:56:54.598Z", "user": 1, "content_type": 8, "object_id": "5", "object_repr": "Programs", "action_flag": 3, "change_message": ""}}, {"model": "admin.logentry", "pk": 10, "fields": {"action_time": "2018-11-10T08:56:54.676Z", "user": 1, "content_type": 8, "object_id": "4", "object_repr": "Love in it all", "action_flag": 3, "change_message": ""}}, {"model": "admin.logentry", "pk": 11, "fields": {"action_time": "2018-11-10T08:56:54.775Z", "user": 1, "content_type": 8, "object_id": "8", "object_repr": "Instructors", "action_flag": 3, "change_message": ""}}, {"model": "admin.logentry", "pk": 12, "fields": {"action_time": "2018-11-10T08:56:54.897Z", "user": 1, "content_type": 8, "object_id": "18", "object_repr": "Instructor", "action_flag": 3, "change_message": ""}}, {"model": "admin.logentry", "pk": 13, "fields": {"action_time": "2018-11-10T08:56:55.052Z", "user": 1, "content_type": 8, "object_id": "15", "object_repr": "Instructor", "action_flag": 3, "change_message": ""}}, {"model": "admin.logentry", "pk": 14, "fields": {"action_time": "2018-11-10T08:56:55.141Z", "user": 1, "content_type": 8, "object_id": "12", "object_repr": "Instructor", "action_flag": 3, "change_message": ""}}, {"model": "admin.logentry", "pk": 15, "fields": {"action_time": "2018-11-10T08:56:55.230Z", "user": 1, "content_type": 8, "object_id": "14", "object_repr": "Ibaakee Ledum", "action_flag": 3, "change_message": ""}}, {"model": "admin.logentry", "pk": 16, "fields": {"action_time": "2018-11-10T08:56:55.318Z", "user": 1, "content_type": 8, "object_id": "11", "object_repr": "Ibaakee Ledum", "action_flag": 3, "change_message": ""}}, {"model": "admin.logentry", "pk": 17, "fields": {"action_time": "2018-11-10T08:56:55.429Z", "user": 1, "content_type": 8, "object_id": "19", "object_repr": "Coding", "action_flag": 3, "change_message": ""}}, {"model": "admin.logentry", "pk": 18, "fields": {"action_time": "2018-11-10T08:56:55.517Z", "user": 1, "content_type": 8, "object_id": "13", "object_repr": "Coding", "action_flag": 3, "change_message": ""}}, {"model": "admin.logentry", "pk": 19, "fields": {"action_time": "2018-11-10T08:56:55.606Z", "user": 1, "content_type": 8, "object_id": "10", "object_repr": "Car Tracke", "action_flag": 3, "change_message": ""}}, {"model": "admin.logentry", "pk": 20, "fields": {"action_time": "2018-11-10T08:56:55.694Z", "user": 1, "content_type": 8, "object_id": "9", "object_repr": "Car Tracke", "action_flag": 3, "change_message": ""}}, {"model": "admin.logentry", "pk": 21, "fields": {"action_time": "2018-11-10T11:59:41.444Z", "user": 1, "content_type": 8, "object_id": "28", "object_repr": "Ibaakeenee", "action_flag": 2, "change_message": "[{\"changed\": {\"fields\": [\"category\"]}}]"}}, {"model": "admin.logentry", "pk": 22, "fields": {"action_time": "2018-12-12T17:14:34.163Z", "user": 1, "content_type": 8, "object_id": "44", "object_repr": "poiny", "action_flag": 2, "change_message": "[{\"changed\": {\"fields\": [\"owner\"]}}]"}}, {"model": "admin.logentry", "pk": 23, "fields": {"action_time": "2018-12-12T17:14:52.575Z", "user": 1, "content_type": 8, "object_id": "44", "object_repr": "poiny", "action_flag": 2, "change_message": "[{\"changed\": {\"fields\": [\"image\"]}}]"}}, {"model": "admin.logentry", "pk": 24, "fields": {"action_time": "2018-12-12T17:17:00.768Z", "user": 1, "content_type": 8, "object_id": "44", "object_repr": "poiny", "action_flag": 3, "change_message": ""}}, {"model": "admin.logentry", "pk": 25, "fields": {"action_time": "2018-12-12T17:17:00.967Z", "user": 1, "content_type": 8, "object_id": "33", "object_repr": "hjbhubuhb", "action_flag": 3, "change_message": ""}}, {"model": "admin.logentry", "pk": 26, "fields": {"action_time": "2018-12-12T17:17:01.066Z", "user": 1, "content_type": 8, "object_id": "40", "object_repr": "hello", "action_flag": 3, "change_message": ""}}, {"model": "admin.logentry", "pk": 27, "fields": {"action_time": "2018-12-12T17:17:01.166Z", "user": 1, "content_type": 8, "object_id": "41", "object_repr": "balanciaga", "action_flag": 3, "change_message": ""}}, {"model": "admin.logentry", "pk": 28, "fields": {"action_time": "2018-12-12T17:17:01.266Z", "user": 1, "content_type": 8, "object_id": "45", "object_repr": "Programming", "action_flag": 3, "change_message": ""}}, {"model": "admin.logentry", "pk": 29, "fields": {"action_time": "2018-12-12T17:17:01.388Z", "user": 1, "content_type": 8, "object_id": "36", "object_repr": "Instructors", "action_flag": 3, "change_message": ""}}, {"model": "admin.logentry", "pk": 30, "fields": {"action_time": "2018-12-12T17:17:01.498Z", "user": 1, "content_type": 8, "object_id": "39", "object_repr": "Instructor", "action_flag": 3, "change_message": ""}}, {"model": "admin.logentry", "pk": 31, "fields": {"action_time": "2018-12-12T17:17:01.872Z", "user": 1, "content_type": 8, "object_id": "37", "object_repr": "Instructor", "action_flag": 3, "change_message": ""}}, {"model": "admin.logentry", "pk": 32, "fields": {"action_time": "2018-12-12T17:17:01.983Z", "user": 1, "content_type": 8, "object_id": "34", "object_repr": "Instructor", "action_flag": 3, "change_message": ""}}, {"model": "admin.logentry", "pk": 33, "fields": {"action_time": "2018-12-12T17:17:02.096Z", "user": 1, "content_type": 8, "object_id": "26", "object_repr": "Instructor", "action_flag": 3, "change_message": ""}}, {"model": "admin.logentry", "pk": 34, "fields": {"action_time": "2018-12-12T17:17:02.204Z", "user": 1, "content_type": 8, "object_id": "24", "object_repr": "Instructor", "action_flag": 3, "change_message": ""}}, {"model": "admin.logentry", "pk": 35, "fields": {"action_time": "2018-12-12T17:17:02.336Z", "user": 1, "content_type": 8, "object_id": "20", "object_repr": "Instructor", "action_flag": 3, "change_message": ""}}, {"model": "admin.logentry", "pk": 36, "fields": {"action_time": "2018-12-12T17:17:02.448Z", "user": 1, "content_type": 8, "object_id": "21", "object_repr": "Instagram", "action_flag": 3, "change_message": ""}}, {"model": "admin.logentry", "pk": 37, "fields": {"action_time": "2018-12-12T17:17:02.547Z", "user": 1, "content_type": 8, "object_id": "28", "object_repr": "Ibaakeenee", "action_flag": 3, "change_message": ""}}, {"model": "admin.logentry", "pk": 38, "fields": {"action_time": "2018-12-12T17:17:02.660Z", "user": 1, "content_type": 8, "object_id": "29", "object_repr": "Ibaakee Ledum", "action_flag": 3, "change_message": ""}}, {"model": "admin.logentry", "pk": 39, "fields": {"action_time": "2018-12-12T17:17:02.794Z", "user": 1, "content_type": 8, "object_id": "25", "object_repr": "Ibaakee Ledum", "action_flag": 3, "change_message": ""}}, {"model": "admin.logentry", "pk": 40, "fields": {"action_time": "2018-12-12T17:17:02.926Z", "user": 1, "content_type": 8, "object_id": "31", "object_repr": "Hello", "action_flag": 3, "change_message": ""}}, {"model": "admin.logentry", "pk": 41, "fields": {"action_time": "2018-12-12T17:17:03.059Z", "user": 1, "content_type": 8, "object_id": "42", "object_repr": "Coding", "action_flag": 3, "change_message": ""}}, {"model": "admin.logentry", "pk": 42, "fields": {"action_time": "2018-12-12T17:17:03.192Z", "user": 1, "content_type": 8, "object_id": "35", "object_repr": "Coding", "action_flag": 3, "change_message": ""}}, {"model": "admin.logentry", "pk": 43, "fields": {"action_time": "2018-12-12T17:17:03.325Z", "user": 1, "content_type": 8, "object_id": "22", "object_repr": "Coding", "action_flag": 3, "change_message": ""}}, {"model": "admin.logentry", "pk": 44, "fields": {"action_time": "2018-12-12T17:17:03.457Z", "user": 1, "content_type": 8, "object_id": "43", "object_repr": "Car Tracke", "action_flag": 3, "change_message": ""}}, {"model": "admin.logentry", "pk": 45, "fields": {"action_time": "2018-12-12T17:17:03.590Z", "user": 1, "content_type": 8, "object_id": "38", "object_repr": "Car Tracke", "action_flag": 3, "change_message": ""}}, {"model": "admin.logentry", "pk": 46, "fields": {"action_time": "2018-12-12T17:17:03.723Z", "user": 1, "content_type": 8, "object_id": "23", "object_repr": "Car Tracke", "action_flag": 3, "change_message": ""}}, {"model": "admin.logentry", "pk": 47, "fields": {"action_time": "2018-12-12T17:18:55.619Z", "user": 1, "content_type": 8, "object_id": "46", "object_repr": "Incoccuss", "action_flag": 1, "change_message": "[{\"added\": {}}]"}}, {"model": "admin.logentry", "pk": 48, "fields": {"action_time": "2018-12-12T17:22:02.281Z", "user": 1, "content_type": 8, "object_id": "47", "object_repr": "Making money", "action_flag": 1, "change_message": "[{\"added\": {}}]"}}, {"model": "admin.logentry", "pk": 49, "fields": {"action_time": "2018-12-12T17:24:08.910Z", "user": 1, "content_type": 8, "object_id": "48", "object_repr": "Advertise", "action_flag": 1, "change_message": "[{\"added\": {}}]"}}, {"model": "admin.logentry", "pk": 50, "fields": {"action_time": "2018-12-12T17:25:48.111Z", "user": 1, "content_type": 8, "object_id": "49", "object_repr": "React", "action_flag": 1, "change_message": "[{\"added\": {}}]"}}, {"model": "admin.logentry", "pk": 51, "fields": {"action_time": "2018-12-12T17:27:45.406Z", "user": 1, "content_type": 8, "object_id": "50", "object_repr": "Money making is it a", "action_flag": 1, "change_message": "[{\"added\": {}}]"}}, {"model": "admin.logentry", "pk": 52, "fields": {"action_time": "2018-12-12T17:29:19.297Z", "user": 1, "content_type": 8, "object_id": "51", "object_repr": "Broccoli", "action_flag": 1, "change_message": "[{\"added\": {}}]"}}, {"model": "admin.logentry", "pk": 53, "fields": {"action_time": "2019-01-07T11:53:04.738Z", "user": 1, "content_type": 11, "object_id": "1", "object_repr": "Code object (1)", "action_flag": 1, "change_message": "[{\"added\": {}}]"}}, {"model": "admin.logentry", "pk": 54, "fields": {"action_time": "2019-01-07T11:54:23.794Z", "user": 1, "content_type": 11, "object_id": "2", "object_repr": "Code object (2)", "action_flag": 1, "change_message": "[{\"added\": {}}]"}}, {"model": "admin.logentry", "pk": 55, "fields": {"action_time": "2019-01-07T11:55:09.177Z", "user": 1, "content_type": 12, "object_id": "1", "object_repr": "hello", "action_flag": 1, "change_message": "[{\"added\": {}}]"}}, {"model": "admin.logentry", "pk": 56, "fields": {"action_time": "2019-01-07T15:09:01.258Z", "user": 1, "content_type": 12, "object_id": "2", "object_repr": "djang", "action_flag": 2, "change_message": "[{\"changed\": {\"fields\": [\"module\", \"content_type\", \"order\"]}}]"}}, {"model": "admin.logentry", "pk": 57, "fields": {"action_time": "2019-01-07T19:15:05.962Z", "user": 1, "content_type": 12, "object_id": "3", "object_repr": "Hello", "action_flag": 1, "change_message": "[{\"added\": {}}]"}}, {"model": "admin.logentry", "pk": 58, "fields": {"action_time": "2019-01-07T19:16:02.777Z", "user": 1, "content_type": 12, "object_id": "3", "object_repr": "Hello", "action_flag": 3, "change_message": ""}}, {"model": "admin.logentry", "pk": 59, "fields": {"action_time": "2019-01-07T19:16:02.875Z", "user": 1, "content_type": 12, "object_id": "2", "object_repr": "djang", "action_flag": 3, "change_message": ""}}, {"model": "admin.logentry", "pk": 60, "fields": {"action_time": "2019-01-07T19:16:03.008Z", "user": 1, "content_type": 12, "object_id": "1", "object_repr": "hello", "action_flag": 3, "change_message": ""}}, {"model": "admin.logentry", "pk": 61, "fields": {"action_time": "2019-01-07T19:16:22.380Z", "user": 1, "content_type": 12, "object_id": "4", "object_repr": "Hello", "action_flag": 1, "change_message": "[{\"added\": {}}]"}}, {"model": "admin.logentry", "pk": 62, "fields": {"action_time": "2019-01-07T19:19:13.180Z", "user": 1, "content_type": 12, "object_id": "4", "object_repr": "wher", "action_flag": 2, "change_message": "[{\"changed\": {\"fields\": [\"tag\"]}}]"}}, {"model": "admin.logentry", "pk": 63, "fields": {"action_time": "2019-01-07T19:19:47.476Z", "user": 1, "content_type": 12, "object_id": "4", "object_repr": "wher", "action_flag": 2, "change_message": "[{\"changed\": {\"fields\": [\"content_type\"]}}]"}}, {"model": "admin.logentry", "pk": 64, "fields": {"action_time": "2019-01-07T19:20:35.016Z", "user": 1, "content_type": 12, "object_id": "4", "object_repr": "wher", "action_flag": 2, "change_message": "[{\"changed\": {\"fields\": [\"content_type\"]}}]"}}, {"model": "admin.logentry", "pk": 65, "fields": {"action_time": "2019-01-07T19:23:10.325Z", "user": 1, "content_type": 11, "object_id": "2", "object_repr": "Hello", "action_flag": 3, "change_message": ""}}, {"model": "admin.logentry", "pk": 66, "fields": {"action_time": "2019-01-07T19:23:10.429Z", "user": 1, "content_type": 11, "object_id": "1", "object_repr": "Hello", "action_flag": 3, "change_message": ""}}, {"model": "admin.logentry", "pk": 67, "fields": {"action_time": "2019-01-07T19:23:26.742Z", "user": 1, "content_type": 11, "object_id": "3", "object_repr": "Water", "action_flag": 1, "change_message": "[{\"added\": {}}]"}}, {"model": "admin.logentry", "pk": 68, "fields": {"action_time": "2019-01-07T19:38:58.263Z", "user": 1, "content_type": 12, "object_id": "4", "object_repr": "wher", "action_flag": 2, "change_message": "[{\"changed\": {\"fields\": [\"content_type\"]}}]"}}, {"model": "admin.logentry", "pk": 69, "fields": {"action_time": "2019-01-08T07:28:22.000Z", "user": 1, "content_type": 12, "object_id": "7", "object_repr": "codei", "action_flag": 2, "change_message": "[{\"changed\": {\"fields\": [\"tag\", \"content_type\"]}}]"}}, {"model": "admin.logentry", "pk": 70, "fields": {"action_time": "2019-01-08T07:28:33.834Z", "user": 1, "content_type": 12, "object_id": "6", "object_repr": "dja", "action_flag": 2, "change_message": "[{\"changed\": {\"fields\": [\"content_type\"]}}]"}}, {"model": "admin.logentry", "pk": 71, "fields": {"action_time": "2019-01-08T08:46:06.008Z", "user": 1, "content_type": 12, "object_id": "5", "object_repr": "djang", "action_flag": 2, "change_message": "[{\"changed\": {\"fields\": [\"tag\", \"content_type\"]}}]"}}, {"model": "admin.logentry", "pk": 72, "fields": {"action_time": "2019-01-08T08:46:47.011Z", "user": 1, "content_type": 12, "object_id": "7", "object_repr": "codei", "action_flag": 3, "change_message": ""}}, {"model": "admin.logentry", "pk": 73, "fields": {"action_time": "2019-01-08T08:46:47.282Z", "user": 1, "content_type": 12, "object_id": "6", "object_repr": "dja", "action_flag": 3, "change_message": ""}}, {"model": "admin.logentry", "pk": 74, "fields": {"action_time": "2019-01-08T08:46:47.381Z", "user": 1, "content_type": 12, "object_id": "5", "object_repr": "djang", "action_flag": 3, "change_message": ""}}, {"model": "admin.logentry", "pk": 75, "fields": {"action_time": "2019-01-08T08:46:47.492Z", "user": 1, "content_type": 12, "object_id": "4", "object_repr": "wher", "action_flag": 3, "change_message": ""}}, {"model": "admin.logentry", "pk": 76, "fields": {"action_time": "2019-01-08T08:56:13.818Z", "user": 1, "content_type": 12, "object_id": "1", "object_repr": "Hello", "action_flag": 1, "change_message": "[{\"added\": {}}]"}}, {"model": "admin.logentry", "pk": 77, "fields": {"action_time": "2019-01-08T12:48:23.237Z", "user": 1, "content_type": 12, "object_id": "1", "object_repr": "Hello", "action_flag": 3, "change_message": ""}}, {"model": "admin.logentry", "pk": 78, "fields": {"action_time": "2019-01-08T14:51:05.769Z", "user": 1, "content_type": 17, "object_id": "1", "object_repr": "hello", "action_flag": 1, "change_message": "[{\"added\": {}}]"}}, {"model": "admin.logentry", "pk": 79, "fields": {"action_time": "2019-01-08T14:53:17.296Z", "user": 1, "content_type": 17, "object_id": "2", "object_repr": "Coding", "action_flag": 1, "change_message": "[{\"added\": {}}]"}}, {"model": "admin.logentry", "pk": 80, "fields": {"action_time": "2019-01-08T14:53:53.723Z", "user": 1, "content_type": 17, "object_id": "3", "object_repr": "Derago", "action_flag": 1, "change_message": "[{\"added\": {}}]"}}, {"model": "admin.logentry", "pk": 81, "fields": {"action_time": "2019-01-08T14:54:53.964Z", "user": 1, "content_type": 11, "object_id": "3", "object_repr": "Water", "action_flag": 2, "change_message": "[{\"changed\": {\"fields\": [\"landtemps\"]}}]"}}]